"id","first_name","last_name","email","password","token","date_create"
"2962e86f-cbb4-4339-8571-505942df3318","","","dummy@gmail.com","pbkdf2:sha256:150000$r2o80s2F$56703c1561e2a2ed98c7414303296ab6fbb91894000a1ec640f98a054ce43cf3","03b24ba9fe0f617f165c2487627cfc3ef7786553013f2405","2021-04-14 03:07:20.768486"
"66284b9f-1dcf-4b84-bdf0-deaf79f8f740","","","test@gmail.com","pbkdf2:sha256:150000$m2FzzEbi$bb20491a04882237beef97b622dd89632ee6e516ffbb2d5ac706179cfa9f62dc","07f75eb5403fd65897d8d20a9f79daa5ed7b43f980f39ef8","2021-04-14 03:07:50.413837"
"f33527a2-8809-483f-9b8e-7dcf7aa00bbc","","","test@gmail.com","pbkdf2:sha256:150000$cf4XcDRC$c55694ed3636d250ff0e047e0c0f0e30c4b45f217a09a50f5042f39086565295","314d695684e8bfa46e8d7965240f015337025172fd68ea28","2021-04-14 03:08:33.704245"
"078fa552-37a2-46c7-a112-3be95ca7a943","","","dummy@gmail.com","pbkdf2:sha256:150000$CcGMrxhJ$7ac12ad951a53f3fafcbd567eb9cc8dcbcadd922fd2df3f1f671854dc02ea79c","556d23dc7ef067aefae4dd9021fc7bbfaafd40f20b4f411d","2021-04-14 03:25:57.18345"
"91fe301f-a905-40ad-89e6-8ec6e63b56cb","","","test@gmail.com","pbkdf2:sha256:150000$wNHhRPrs$07c363d4bce19ab59328ce0a5b31382521fd9899919580cc78311eba17f3335d","103051b9d98fa537b3004816077808d7980252e210516a04","2021-04-14 03:26:19.338963"
"a4a95de9-fc56-42f5-ae91-31440f5b28ed","","","test@gmail.com","pbkdf2:sha256:150000$LbdSr6uD$69af6a0cacce90b6ab1d01b4f89cd02568ac798806b3699602c1d6c8d0d7146b","29fd17928dd3b31e73fb0c090fee3c259fa25cdf68e2f119","2021-04-14 03:38:11.524021"
"93902c07-56ed-4b72-8b10-20c760887d4a","","","dummy@test.com","pbkdf2:sha256:150000$hapJ2xwC$752c2b3a31e8f23cad56fc556c0b626aa491d03085b3c4009a114d5d66f29c42","8f94ebb4b64009cf6c7f4dc5bebbc33d815b0db7b1de2bd9","2021-04-14 03:38:41.966404"
"435f94a4-b14e-42e9-a421-61e2c2b8b7c3","","","test@dummy.com","pbkdf2:sha256:150000$45oyljrZ$d0213b8e034c86a4896e3edb476c70059f685f826405cd64fb383eb4017975dc","5986cee6ee4230cd77e4c2bf204f6b6fb0a9a06350569b36","2021-04-14 03:40:30.461545"
"0a685641-8e24-42e7-b149-395328ed6015","","","test@test.com","pbkdf2:sha256:150000$ktRLc0aK$13935656125692ec4d84c4657da460f50ea1bf6bab509be8be6c708a2bd63fc2","d8706741059b1bdbe2cf4470a6dd0f69c2a350206d3d3849","2021-04-14 03:42:20.437141"
"7f28141d-0c6e-4889-9ec5-2616ff7bede4","","","test@gmail.com","pbkdf2:sha256:150000$p6PXUgFi$0a6210f413c501d6944acee2b29b0cce3b4a41144fb0e5a3d2251129a043f6b9","146a7ca6c7891adb796b989e9b8defd8185cbbfb2451e7f5","2021-04-14 03:45:29.720663"
"65703dab-6328-48be-9d41-233ac7c134d8","","","test@gmail.com","pbkdf2:sha256:150000$jEM8YRwB$0e32621b8a7671781c8006fb391c7e69bab96771c485088e32575061d1966850","89264a11c037d22d8cf5dbd85ecc27f150d14d249a1f60e4","2021-04-14 03:58:48.463855"
"cec8ce8d-df72-4dd6-a650-8f48bddea50d","","","dummy@gmail.com","pbkdf2:sha256:150000$pVXPuoYj$3554e21ca8b22ccf22b58b7b4fe5519b650f57a3e6370daa7007b0e489260334","0216f524a8f0b5831222c73ae2b2236d7857e84beacf3111","2021-04-14 03:58:59.654815"
